RelPath,SizeBytes,SizeKB,Status,FullPath
lessons\baa\long\baa_1.mp3,265037,258.8,VALID,D:\Projects\faseeh_kids\assets\audio\lessons\baa\long\baa_1.mp3
lessons\baa\long\baa_88.wav,116187,113.5,VALID,D:\Projects\faseeh_kids\assets\audio\lessons\baa\long\baa_88.wav
lessons\baa\long\baa_10.mp3,106499,104.0,VALID,D:\Projects\faseeh_kids\assets\audio\lessons\baa\long\baa_10.mp3
letters\long_vowels\baa_madd_demo.mp3,100192,97.8,VALID,D:\Projects\faseeh_kids\assets\audio\letters\long_vowels\baa_madd_demo.mp3
letters\phrases\baa_damma_demo.mp3,97045,94.8,VALID,D:\Projects\faseeh_kids\assets\audio\letters\phrases\baa_damma_demo.mp3
letters\phrases\baa_kasra_demo.mp3,93039,90.9,VALID,D:\Projects\faseeh_kids\assets\audio\letters\phrases\baa_kasra_demo.mp3
letters\phrases\baa_fatha_demo.mp3,92683,90.5,VALID,D:\Projects\faseeh_kids\assets\audio\letters\phrases\baa_fatha_demo.mp3
letters\core\baa_pos_end.mp3,92086,89.9,VALID,D:\Projects\faseeh_kids\assets\audio\letters\core\baa_pos_end.mp3
letters\core\baa_pos_middle.mp3,91065,88.9,VALID,D:\Projects\faseeh_kids\assets\audio\letters\core\baa_pos_middle.mp3
letters\core\baa_pos_start.mp3,85987,84.0,VALID,D:\Projects\faseeh_kids\assets\audio\letters\core\baa_pos_start.mp3
letters\phrases\baa_sentence.mp3,77931,76.1,VALID,D:\Projects\faseeh_kids\assets\audio\letters\phrases\baa_sentence.mp3
letters\words\baa_word4.mp3,62901,61.4,VALID,D:\Projects\faseeh_kids\assets\audio\letters\words\baa_word4.mp3
letters\words\baa_word3.mp3,62478,61.0,VALID,D:\Projects\faseeh_kids\assets\audio\letters\words\baa_word3.mp3
lessons\baa\medium\baa_56.mp3,58851,57.5,VALID,D:\Projects\faseeh_kids\assets\audio\lessons\baa\medium\baa_56.mp3
letters\words\baa_word2.mp3,55720,54.4,VALID,D:\Projects\faseeh_kids\assets\audio\letters\words\baa_word2.mp3
letters\words\baa_word.mp3,54758,53.5,VALID,D:\Projects\faseeh_kids\assets\audio\letters\words\baa_word.mp3
lessons\baa\medium\baa_42.mp3,51746,50.5,VALID,D:\Projects\faseeh_kids\assets\audio\lessons\baa\medium\baa_42.mp3
lessons\baa\medium\baa_44.mp3,49447,48.3,VALID,D:\Projects\faseeh_kids\assets\audio\lessons\baa\medium\baa_44.mp3
lessons\baa\medium\baa_80.mp3,49447,48.3,VALID,D:\Projects\faseeh_kids\assets\audio\lessons\baa\medium\baa_80.mp3
letters\short_vowels\baa_sukoon.mp3,47830,46.7,VALID,D:\Projects\faseeh_kids\assets\audio\letters\short_vowels\baa_sukoon.mp3
lessons\baa\medium\baa_81.mp3,43805,42.8,VALID,D:\Projects\faseeh_kids\assets\audio\lessons\baa\medium\baa_81.mp3
lessons\baa\medium\baa_82.mp3,43805,42.8,VALID,D:\Projects\faseeh_kids\assets\audio\lessons\baa\medium\baa_82.mp3
lessons\baa\medium\baa_54.mp3,42951,41.9,VALID,D:\Projects\faseeh_kids\assets\audio\lessons\baa\medium\baa_54.mp3
lessons\baa\medium\baa_6.mp3,42951,41.9,VALID,D:\Projects\faseeh_kids\assets\audio\lessons\baa\medium\baa_6.mp3
lessons\baa\medium\baa_7.mp3,42951,41.9,VALID,D:\Projects\faseeh_kids\assets\audio\lessons\baa\medium\baa_7.mp3
lessons\baa\medium\baa_72.mp3,42951,41.9,VALID,D:\Projects\faseeh_kids\assets\audio\lessons\baa\medium\baa_72.mp3
lessons\baa\medium\baa_8.mp3,42951,41.9,VALID,D:\Projects\faseeh_kids\assets\audio\lessons\baa\medium\baa_8.mp3
lessons\baa\medium\baa_86.mp3,42951,41.9,VALID,D:\Projects\faseeh_kids\assets\audio\lessons\baa\medium\baa_86.mp3
lessons\baa\medium\baa_87.mp3,42951,41.9,VALID,D:\Projects\faseeh_kids\assets\audio\lessons\baa\medium\baa_87.mp3
lessons\baa\medium\baa_51.mp3,41715,40.7,VALID,D:\Projects\faseeh_kids\assets\audio\lessons\baa\medium\baa_51.mp3
lessons\baa\medium\baa_52.mp3,41715,40.7,VALID,D:\Projects\faseeh_kids\assets\audio\lessons\baa\medium\baa_52.mp3
lessons\baa\medium\baa_53.mp3,41715,40.7,VALID,D:\Projects\faseeh_kids\assets\audio\lessons\baa\medium\baa_53.mp3
lessons\baa\medium\baa_62.mp3,41715,40.7,VALID,D:\Projects\faseeh_kids\assets\audio\lessons\baa\medium\baa_62.mp3
lessons\baa\medium\baa_79.mp3,37744,36.9,VALID,D:\Projects\faseeh_kids\assets\audio\lessons\baa\medium\baa_79.mp3
baa_intro.mp3,37440,36.6,VALID,D:\Projects\faseeh_kids\assets\audio\baa_intro.mp3
lessons\baa\medium\baa_75.mp3,34610,33.8,VALID,D:\Projects\faseeh_kids\assets\audio\lessons\baa\medium\baa_75.mp3
lessons\baa\medium\baa_57.mp3,33381,32.6,VALID,D:\Projects\faseeh_kids\assets\audio\lessons\baa\medium\baa_57.mp3
lessons\baa\medium\baa_67.mp3,32102,31.3,VALID,D:\Projects\faseeh_kids\assets\audio\lessons\baa\medium\baa_67.mp3
baa_kasra_rule.mp3,29664,29.0,VALID,D:\Projects\faseeh_kids\assets\audio\baa_kasra_rule.mp3
lessons\baa\medium\baa_28.mp3,29385,28.7,VALID,D:\Projects\faseeh_kids\assets\audio\lessons\baa\medium\baa_28.mp3
baa_damma_rule.mp3,28944,28.3,VALID,D:\Projects\faseeh_kids\assets\audio\baa_damma_rule.mp3
lessons\baa\medium\baa_93.mp3,27504,26.9,VALID,D:\Projects\faseeh_kids\assets\audio\lessons\baa\medium\baa_93.mp3
baa_fatha_rule.mp3,27216,26.6,VALID,D:\Projects\faseeh_kids\assets\audio\baa_fatha_rule.mp3
lessons\baa\medium\baa_46.mp3,27086,26.5,VALID,D:\Projects\faseeh_kids\assets\audio\lessons\baa\medium\baa_46.mp3
lessons\baa\medium\baa_71.mp3,26041,25.4,VALID,D:\Projects\faseeh_kids\assets\audio\lessons\baa\medium\baa_71.mp3
lessons\baa\medium\baa_73.mp3,26041,25.4,VALID,D:\Projects\faseeh_kids\assets\audio\lessons\baa\medium\baa_73.mp3
lessons\baa\medium\baa_74.mp3,26041,25.4,VALID,D:\Projects\faseeh_kids\assets\audio\lessons\baa\medium\baa_74.mp3
lessons\baa\medium\baa_95.mp3,26041,25.4,VALID,D:\Projects\faseeh_kids\assets\audio\lessons\baa\medium\baa_95.mp3
letters\short_vowels\baa_damma.mp3,23949,23.4,VALID,D:\Projects\faseeh_kids\assets\audio\letters\short_vowels\baa_damma.mp3
lessons\baa\medium\baa_64.mp3,21026,20.5,VALID,D:\Projects\faseeh_kids\assets\audio\lessons\baa\medium\baa_64.mp3
lessons\baa\medium\baa_58.mp3,20647,20.2,VALID,D:\Projects\faseeh_kids\assets\audio\lessons\baa\medium\baa_58.mp3
lessons\baa\short\baa_5.mp3,19145,18.7,VALID,D:\Projects\faseeh_kids\assets\audio\lessons\baa\short\baa_5.mp3
lessons\baa\short\baa_2.wav,18984,18.5,VALID,D:\Projects\faseeh_kids\assets\audio\lessons\baa\short\baa_2.wav
lessons\baa\short\baa_91.mp3,18518,18.1,VALID,D:\Projects\faseeh_kids\assets\audio\lessons\baa\short\baa_91.mp3
lessons\baa\short\baa_23.mp3,18309,17.9,VALID,D:\Projects\faseeh_kids\assets\audio\lessons\baa\short\baa_23.mp3
letters\short_vowels\baa_kasra.mp3,16575,16.2,VALID,D:\Projects\faseeh_kids\assets\audio\letters\short_vowels\baa_kasra.mp3
lessons\baa\short\baa_59.mp3,16480,16.1,VALID,D:\Projects\faseeh_kids\assets\audio\lessons\baa\short\baa_59.mp3
lessons\baa\short\baa_15.mp3,15384,15.0,VALID,D:\Projects\faseeh_kids\assets\audio\lessons\baa\short\baa_15.mp3
lessons\baa\short\baa_17.mp3,15384,15.0,VALID,D:\Projects\faseeh_kids\assets\audio\lessons\baa\short\baa_17.mp3
lessons\baa\short\baa_21.mp3,15384,15.0,VALID,D:\Projects\faseeh_kids\assets\audio\lessons\baa\short\baa_21.mp3
lessons\baa\short\baa_77.mp3,14966,14.6,VALID,D:\Projects\faseeh_kids\assets\audio\lessons\baa\short\baa_77.mp3
lessons\baa\short\baa_85.mp3,14339,14.0,VALID,D:\Projects\faseeh_kids\assets\audio\lessons\baa\short\baa_85.mp3
lessons\baa\short\baa_11.mp3,13085,12.8,VALID,D:\Projects\faseeh_kids\assets\audio\lessons\baa\short\baa_11.mp3
lessons\baa\short\baa_4.mp3,12667,12.4,VALID,D:\Projects\faseeh_kids\assets\audio\lessons\baa\short\baa_4.mp3
lessons\baa\short\baa_12.mp3,11622,11.3,VALID,D:\Projects\faseeh_kids\assets\audio\lessons\baa\short\baa_12.mp3
lessons\baa\short\baa_13.mp3,11622,11.3,VALID,D:\Projects\faseeh_kids\assets\audio\lessons\baa\short\baa_13.mp3
lessons\baa\short\baa_84.mp3,11413,11.1,VALID,D:\Projects\faseeh_kids\assets\audio\lessons\baa\short\baa_84.mp3
letters\short_vowels\baa_fatha.mp3,11273,11.0,VALID,D:\Projects\faseeh_kids\assets\audio\letters\short_vowels\baa_fatha.mp3
word_baqara.mp3,11232,11.0,VALID,D:\Projects\faseeh_kids\assets\audio\word_baqara.mp3
baa_damma_sound.mp3,10656,10.4,VALID,D:\Projects\faseeh_kids\assets\audio\baa_damma_sound.mp3
baa_fatha_sound.mp3,10656,10.4,VALID,D:\Projects\faseeh_kids\assets\audio\baa_fatha_sound.mp3
baa_kasra_sound.mp3,10656,10.4,VALID,D:\Projects\faseeh_kids\assets\audio\baa_kasra_sound.mp3
lessons\baa\short\baa_50.mp3,10577,10.3,VALID,D:\Projects\faseeh_kids\assets\audio\lessons\baa\short\baa_50.mp3
lessons\baa\short\baa_70.mp3,10368,10.1,VALID,D:\Projects\faseeh_kids\assets\audio\lessons\baa\short\baa_70.mp3
lessons\baa\short\baa_49.mp3,9950,9.7,VALID,D:\Projects\faseeh_kids\assets\audio\lessons\baa\short\baa_49.mp3
lessons\baa\short\baa_25.mp3,9532,9.3,VALID,D:\Projects\faseeh_kids\assets\audio\lessons\baa\short\baa_25.mp3
lessons\baa\short\baa_90.mp3,9532,9.3,VALID,D:\Projects\faseeh_kids\assets\audio\lessons\baa\short\baa_90.mp3
lessons\baa\short\baa_20.mp3,9114,8.9,VALID,D:\Projects\faseeh_kids\assets\audio\lessons\baa\short\baa_20.mp3
lessons\baa\short\baa_69.mp3,9114,8.9,VALID,D:\Projects\faseeh_kids\assets\audio\lessons\baa\short\baa_69.mp3
lessons\baa\short\baa_26.mp3,8905,8.7,VALID,D:\Projects\faseeh_kids\assets\audio\lessons\baa\short\baa_26.mp3
lessons\baa\short\baa_40.mp3,8487,8.3,VALID,D:\Projects\faseeh_kids\assets\audio\lessons\baa\short\baa_40.mp3
letters\core\baa_sound.mp3,7901,7.7,VALID,D:\Projects\faseeh_kids\assets\audio\letters\core\baa_sound.mp3
lessons\baa\short\baa_30.mp3,7233,7.1,VALID,D:\Projects\faseeh_kids\assets\audio\lessons\baa\short\baa_30.mp3
lessons\baa\short\baa_48.mp3,7233,7.1,VALID,D:\Projects\faseeh_kids\assets\audio\lessons\baa\short\baa_48.mp3
lessons\baa\short\baa_29.mp3,7024,6.9,VALID,D:\Projects\faseeh_kids\assets\audio\lessons\baa\short\baa_29.mp3
lessons\baa\short\baa_35.mp3,6397,6.2,VALID,D:\Projects\faseeh_kids\assets\audio\lessons\baa\short\baa_35.mp3
lessons\baa\short\baa_18.mp3,6264,6.1,VALID,D:\Projects\faseeh_kids\assets\audio\lessons\baa\short\baa_18.mp3
lessons\baa\short\baa_33.mp3,5770,5.6,VALID,D:\Projects\faseeh_kids\assets\audio\lessons\baa\short\baa_33.mp3
lessons\baa\short\baa_38.mp3,5770,5.6,VALID,D:\Projects\faseeh_kids\assets\audio\lessons\baa\short\baa_38.mp3
lessons\baa\short\baa_32.mp3,4935,4.8,VALID,D:\Projects\faseeh_kids\assets\audio\lessons\baa\short\baa_32.mp3
lessons\baa\short\baa_66.mp3,4935,4.8,VALID,D:\Projects\faseeh_kids\assets\audio\lessons\baa\short\baa_66.mp3
lessons\baa\short\baa_36.mp3,4558,4.5,VALID,D:\Projects\faseeh_kids\assets\audio\lessons\baa\short\baa_36.mp3
lessons\baa\short\baa_39.mp3,4517,4.4,VALID,D:\Projects\faseeh_kids\assets\audio\lessons\baa\short\baa_39.mp3
letters\core\baa_name.mp3,4249,4.1,VALID,D:\Projects\faseeh_kids\assets\audio\letters\core\baa_name.mp3
lessons\baa\short\baa_14.mp3,1566,1.5,EMPTY/CORRUPT,D:\Projects\faseeh_kids\assets\audio\lessons\baa\short\baa_14.mp3
lessons\baa\short\baa_16.mp3,1566,1.5,EMPTY/CORRUPT,D:\Projects\faseeh_kids\assets\audio\lessons\baa\short\baa_16.mp3
lessons\baa\short\baa_19.mp3,1566,1.5,EMPTY/CORRUPT,D:\Projects\faseeh_kids\assets\audio\lessons\baa\short\baa_19.mp3
lessons\baa\short\baa_22.mp3,1566,1.5,EMPTY/CORRUPT,D:\Projects\faseeh_kids\assets\audio\lessons\baa\short\baa_22.mp3
lessons\baa\short\baa_24.mp3,1566,1.5,EMPTY/CORRUPT,D:\Projects\faseeh_kids\assets\audio\lessons\baa\short\baa_24.mp3
lessons\baa\short\baa_27.mp3,1566,1.5,EMPTY/CORRUPT,D:\Projects\faseeh_kids\assets\audio\lessons\baa\short\baa_27.mp3
lessons\baa\short\baa_3.mp3,1566,1.5,EMPTY/CORRUPT,D:\Projects\faseeh_kids\assets\audio\lessons\baa\short\baa_3.mp3
lessons\baa\short\baa_31.mp3,1566,1.5,EMPTY/CORRUPT,D:\Projects\faseeh_kids\assets\audio\lessons\baa\short\baa_31.mp3
lessons\baa\short\baa_34.mp3,1566,1.5,EMPTY/CORRUPT,D:\Projects\faseeh_kids\assets\audio\lessons\baa\short\baa_34.mp3
lessons\baa\short\baa_37.mp3,1566,1.5,EMPTY/CORRUPT,D:\Projects\faseeh_kids\assets\audio\lessons\baa\short\baa_37.mp3
lessons\baa\short\baa_41.mp3,1566,1.5,EMPTY/CORRUPT,D:\Projects\faseeh_kids\assets\audio\lessons\baa\short\baa_41.mp3
lessons\baa\short\baa_43.mp3,1566,1.5,EMPTY/CORRUPT,D:\Projects\faseeh_kids\assets\audio\lessons\baa\short\baa_43.mp3
lessons\baa\short\baa_45.mp3,1566,1.5,EMPTY/CORRUPT,D:\Projects\faseeh_kids\assets\audio\lessons\baa\short\baa_45.mp3
lessons\baa\short\baa_47.mp3,1566,1.5,EMPTY/CORRUPT,D:\Projects\faseeh_kids\assets\audio\lessons\baa\short\baa_47.mp3
lessons\baa\short\baa_55.mp3,1566,1.5,EMPTY/CORRUPT,D:\Projects\faseeh_kids\assets\audio\lessons\baa\short\baa_55.mp3
lessons\baa\short\baa_61.mp3,1566,1.5,EMPTY/CORRUPT,D:\Projects\faseeh_kids\assets\audio\lessons\baa\short\baa_61.mp3
lessons\baa\short\baa_63.mp3,1566,1.5,EMPTY/CORRUPT,D:\Projects\faseeh_kids\assets\audio\lessons\baa\short\baa_63.mp3
lessons\baa\short\baa_65.mp3,1566,1.5,EMPTY/CORRUPT,D:\Projects\faseeh_kids\assets\audio\lessons\baa\short\baa_65.mp3
lessons\baa\short\baa_68.mp3,1566,1.5,EMPTY/CORRUPT,D:\Projects\faseeh_kids\assets\audio\lessons\baa\short\baa_68.mp3
lessons\baa\short\baa_78.mp3,1566,1.5,EMPTY/CORRUPT,D:\Projects\faseeh_kids\assets\audio\lessons\baa\short\baa_78.mp3
lessons\baa\short\baa_83.mp3,1566,1.5,EMPTY/CORRUPT,D:\Projects\faseeh_kids\assets\audio\lessons\baa\short\baa_83.mp3
lessons\baa\short\baa_89.mp3,1566,1.5,EMPTY/CORRUPT,D:\Projects\faseeh_kids\assets\audio\lessons\baa\short\baa_89.mp3
lessons\baa\short\baa_9.mp3,1566,1.5,EMPTY/CORRUPT,D:\Projects\faseeh_kids\assets\audio\lessons\baa\short\baa_9.mp3
lessons\baa\short\baa_92.mp3,1566,1.5,EMPTY/CORRUPT,D:\Projects\faseeh_kids\assets\audio\lessons\baa\short\baa_92.mp3
lessons\baa\short\baa_94.mp3,1566,1.5,EMPTY/CORRUPT,D:\Projects\faseeh_kids\assets\audio\lessons\baa\short\baa_94.mp3
lessons\baa\short\baa_60.wav,44,0.0,EMPTY/CORRUPT,D:\Projects\faseeh_kids\assets\audio\lessons\baa\short\baa_60.wav
lessons\baa\short\baa_76.wav,44,0.0,EMPTY/CORRUPT,D:\Projects\faseeh_kids\assets\audio\lessons\baa\short\baa_76.wav
